{
  "model_name": "gradient_boosting",
  "task": "classification",
  "target": "dynamic_emotion_quadrant",
  "train_size": 94725,
  "val_size": 17952,
  "test_size": 17318,
  "n_features": 185,
  "label_classes": [
    "Q1",
    "Q2",
    "Q3",
    "Q4"
  ],
  "val": {
    "accuracy": 0.5837232620320856,
    "macro_f1": 0.45817373087578384,
    "weighted_f1": 0.5557534160840201,
    "classification_report": "              precision    recall  f1-score   support\n\n          Q1       0.59      0.69      0.64      6660\n          Q2       0.29      0.19      0.23      2516\n          Q3       0.47      0.18      0.26      2346\n          Q4       0.65      0.77      0.71      6430\n\n    accuracy                           0.58     17952\n   macro avg       0.50      0.46      0.46     17952\nweighted avg       0.55      0.58      0.56     17952\n",
    "confusion_matrix": [
      [
        4618,
        629,
        197,
        1216
      ],
      [
        881,
        474,
        71,
        1090
      ],
      [
        1424,
        118,
        419,
        385
      ],
      [
        863,
        387,
        212,
        4968
      ]
    ]
  },
  "test": {
    "accuracy": 0.5997228317357662,
    "macro_f1": 0.45534795550400964,
    "weighted_f1": 0.5694575344886176,
    "classification_report": "              precision    recall  f1-score   support\n\n          Q1       0.63      0.73      0.68      6526\n          Q2       0.27      0.13      0.18      2168\n          Q3       0.38      0.20      0.26      2317\n          Q4       0.65      0.77      0.71      6307\n\n    accuracy                           0.60     17318\n   macro avg       0.48      0.46      0.46     17318\nweighted avg       0.56      0.60      0.57     17318\n",
    "confusion_matrix": [
      [
        4777,
        201,
        614,
        934
      ],
      [
        744,
        284,
        41,
        1099
      ],
      [
        1206,
        107,
        463,
        541
      ],
      [
        882,
        449,
        114,
        4862
      ]
    ]
  }
}