{
  "model_name": "gradient_boosting_regressor",
  "task": "regression",
  "train_size": 94725,
  "val_size": 17952,
  "test_size": 17318,
  "n_features": 185,
  "targets": {
    "valence": {
      "val": {
        "mae": 0.1571923653216945,
        "rmse": 0.1926368432461145,
        "r2": 0.25217130284793177
      },
      "test": {
        "mae": 0.17312822678868414,
        "rmse": 0.21222331509754705,
        "r2": 0.2629474669062989
      }
    },
    "arousal": {
      "val": {
        "mae": 0.15958308107366215,
        "rmse": 0.199480002784895,
        "r2": 0.4623445843759869
      },
      "test": {
        "mae": 0.1558892234267302,
        "rmse": 0.19562238600252488,
        "r2": 0.5550943260434826
      }
    }
  }
}