{
  "model_name": "random_forest_regressor",
  "task": "regression",
  "train_size": 94725,
  "val_size": 17952,
  "test_size": 17318,
  "n_features": 185,
  "targets": {
    "valence": {
      "val": {
        "mae": 0.15566514818113547,
        "rmse": 0.19073845620144247,
        "r2": 0.2668379995361454
      },
      "test": {
        "mae": 0.17214660006880972,
        "rmse": 0.21184718119037485,
        "r2": 0.2655577811811365
      }
    },
    "arousal": {
      "val": {
        "mae": 0.159511768606314,
        "rmse": 0.19978044616798368,
        "r2": 0.4607238037830216
      },
      "test": {
        "mae": 0.15828510874354493,
        "rmse": 0.1976770949857655,
        "r2": 0.5456991583967736
      }
    }
  }
}