{
  "model_name": "random_forest",
  "task": "classification",
  "target": "dynamic_emotion_quadrant",
  "train_size": 94725,
  "val_size": 17952,
  "test_size": 17318,
  "n_features": 185,
  "label_classes": [
    "Q1",
    "Q2",
    "Q3",
    "Q4"
  ],
  "val": {
    "accuracy": 0.5846702317290553,
    "macro_f1": 0.43946024083738194,
    "weighted_f1": 0.5444224876270339,
    "classification_report": "              precision    recall  f1-score   support\n\n          Q1       0.59      0.70      0.64      6660\n          Q2       0.30      0.13      0.18      2516\n          Q3       0.54      0.15      0.24      2346\n          Q4       0.62      0.80      0.70      6430\n\n    accuracy                           0.58     17952\n   macro avg       0.51      0.45      0.44     17952\nweighted avg       0.55      0.58      0.54     17952\n",
    "confusion_matrix": [
      [
        4678,
        396,
        144,
        1442
      ],
      [
        933,
        330,
        40,
        1213
      ],
      [
        1423,
        82,
        353,
        488
      ],
      [
        894,
        283,
        118,
        5135
      ]
    ]
  },
  "test": {
    "accuracy": 0.6034761519805982,
    "macro_f1": 0.4276735979346505,
    "weighted_f1": 0.5558001453008115,
    "classification_report": "              precision    recall  f1-score   support\n\n          Q1       0.63      0.75      0.68      6526\n          Q2       0.27      0.07      0.12      2168\n          Q3       0.41      0.14      0.21      2317\n          Q4       0.62      0.80      0.70      6307\n\n    accuracy                           0.60     17318\n   macro avg       0.48      0.44      0.43     17318\nweighted avg       0.55      0.60      0.56     17318\n",
    "confusion_matrix": [
      [
        4895,
        114,
        388,
        1129
      ],
      [
        701,
        161,
        22,
        1284
      ],
      [
        1273,
        51,
        324,
        669
      ],
      [
        910,
        265,
        61,
        5071
      ]
    ]
  }
}