{
  "model_name": "ridge",
  "task": "regression",
  "train_size": 94725,
  "val_size": 17952,
  "test_size": 17318,
  "n_features": 185,
  "targets": {
    "valence": {
      "val": {
        "mae": 0.1581095813372906,
        "rmse": 0.1937933322254943,
        "r2": 0.24316521970850702
      },
      "test": {
        "mae": 0.17660809807502342,
        "rmse": 0.21533588095534156,
        "r2": 0.2411690124726532
      }
    },
    "arousal": {
      "val": {
        "mae": 0.16842331499035423,
        "rmse": 0.21229856281373607,
        "r2": 0.391025087397854
      },
      "test": {
        "mae": 0.1633243632543079,
        "rmse": 0.20202126401839085,
        "r2": 0.5255122449158143
      }
    }
  }
}