{
  "model_name": "xgboost",
  "task": "classification",
  "target": "dynamic_emotion_quadrant",
  "train_size": 94725,
  "val_size": 17952,
  "test_size": 17318,
  "n_features": 185,
  "label_classes": [
    "Q1",
    "Q2",
    "Q3",
    "Q4"
  ],
  "val": {
    "accuracy": 0.5887923351158645,
    "macro_f1": 0.4686826230522719,
    "weighted_f1": 0.5631195531704144,
    "classification_report": "              precision    recall  f1-score   support\n\n          Q1       0.60      0.70      0.65      6660\n          Q2       0.30      0.20      0.24      2516\n          Q3       0.48      0.20      0.28      2346\n          Q4       0.65      0.77      0.70      6430\n\n    accuracy                           0.59     17952\n   macro avg       0.51      0.47      0.47     17952\nweighted avg       0.56      0.59      0.56     17952\n",
    "confusion_matrix": [
      [
        4660,
        598,
        192,
        1210
      ],
      [
        852,
        502,
        102,
        1060
      ],
      [
        1362,
        131,
        467,
        386
      ],
      [
        862,
        422,
        205,
        4941
      ]
    ]
  },
  "test": {
    "accuracy": 0.5938907495091812,
    "macro_f1": 0.4516028869805189,
    "weighted_f1": 0.5657738842145069,
    "classification_report": "              precision    recall  f1-score   support\n\n          Q1       0.63      0.73      0.68      6526\n          Q2       0.25      0.13      0.17      2168\n          Q3       0.36      0.20      0.26      2317\n          Q4       0.65      0.76      0.70      6307\n\n    accuracy                           0.59     17318\n   macro avg       0.47      0.45      0.45     17318\nweighted avg       0.55      0.59      0.57     17318\n",
    "confusion_matrix": [
      [
        4753,
        234,
        618,
        921
      ],
      [
        750,
        281,
        52,
        1085
      ],
      [
        1180,
        99,
        471,
        567
      ],
      [
        851,
        500,
        176,
        4780
      ]
    ]
  }
}