model_family,accuracy,macro_f1,weighted_f1
classical,0.6125461254612546,0.4618230971303837,0.5726060841599065
neural,0.7084870848708487,0.5417327012985691,0.6564344962598562
