experiment_group,accuracy,macro_f1,weighted_f1
dynamic_window,0.6034761519805982,0.4618230971303837,0.5726060841599065
static,0.6125461254612546,0.4278842401848839,0.5452039881517895
